{
    "features": {
        "data_min": [
            236741.34375,
            8.878571510314941,
            9337.435546875,
            2.0,
            18222344.0
        ],
        "data_max": [
            456922.1875,
            10.912857055664062,
            11052.1474609375,
            27.0,
            19562626.0
        ],
        "scale": [
            4.541720954875927e-06,
            0.4915730655193329,
            0.0005831883172504604,
            0.03999999910593033,
            7.461116524609679e-07
        ],
        "min": [
            -1.075213074684143,
            -4.364466667175293,
            -5.445483207702637,
            -0.07999999821186066,
            -13.595903396606445
        ]
    },
    "target": {
        "data_min": [
            221.0
        ],
        "data_max": [
            375.0
        ],
        "scale": [
            0.006493506487458944
        ],
        "min": [
            -1.4350649118423462
        ]
    }
}