{
    "features": {
        "data_min": [
            2458020.25,
            8.938570976257324,
            90976.125,
            6.0,
            18222344.0
        ],
        "data_max": [
            4388042.0,
            11.199999809265137,
            111100.3046875,
            27.0,
            19562626.0
        ],
        "scale": [
            5.181288997846423e-07,
            0.4421983063220978,
            4.969146539224312e-05,
            0.0476190485060215,
            7.461116524609679e-07
        ],
        "min": [
            -1.2735713720321655,
            -3.9526209831237793,
            -4.520737171173096,
            -0.2857142984867096,
            -13.595903396606445
        ]
    },
    "target": {
        "data_min": [
            217.0
        ],
        "data_max": [
            381.0
        ],
        "scale": [
            0.006097560748457909
        ],
        "min": [
            -1.3231706619262695
        ]
    }
}