{
    "features": {
        "data_min": [
            2055128.0,
            9.25857162475586,
            92810.5859375,
            3.0,
            18222344.0
        ],
        "data_max": [
            5410131.5,
            10.951428413391113,
            110889.84375,
            30.0,
            19562626.0
        ],
        "scale": [
            2.980622753057105e-07,
            0.5907174348831177,
            5.5312004406005144e-05,
            0.03703703731298447,
            7.461116524609679e-07
        ],
        "min": [
            -0.6125560998916626,
            -5.4691996574401855,
            -5.13353967666626,
            -0.1111111119389534,
            -13.595903396606445
        ]
    },
    "target": {
        "data_min": [
            188.0
        ],
        "data_max": [
            454.0
        ],
        "scale": [
            0.003759398590773344
        ],
        "min": [
            -0.7067669630050659
        ]
    }
}