{
    "features": {
        "data_min": [
            125423.421875,
            8.831428527832031,
            4711.43994140625,
            6.0,
            18222344.0
        ],
        "data_max": [
            231165.9375,
            11.225714683532715,
            5731.330078125,
            32.0,
            19562626.0
        ],
        "scale": [
            9.456934094487224e-06,
            0.41766101121902466,
            0.0009804978035390377,
            0.03846153989434242,
            7.461116524609679e-07
        ],
        "min": [
            -1.1861209869384766,
            -3.6885433197021484,
            -4.619556427001953,
            -0.23076924681663513,
            -13.595903396606445
        ]
    },
    "target": {
        "data_min": [
            214.0
        ],
        "data_max": [
            385.0
        ],
        "scale": [
            0.005847953259944916
        ],
        "min": [
            -1.2514619827270508
        ]
    }
}