{
    "features": {
        "data_min": [
            283981.0625,
            8.842857360839844,
            14087.0068359375,
            4.0,
            18222344.0
        ],
        "data_max": [
            821009.75,
            11.251428604125977,
            16916.84765625,
            33.0,
            19562626.0
        ],
        "scale": [
            1.8620978607941652e-06,
            0.4151839017868042,
            0.00035337675944902003,
            0.03448275849223137,
            7.461116524609679e-07
        ],
        "min": [
            -0.5288005471229553,
            -3.6714119911193848,
            -4.978020668029785,
            -0.13793103396892548,
            -13.595903396606445
        ]
    },
    "target": {
        "data_min": [
            178.0
        ],
        "data_max": [
            452.0
        ],
        "scale": [
            0.0036496350076049566
        ],
        "min": [
            -0.6496350169181824
        ]
    }
}