{
    "features": {
        "data_min": [
            5750185.5,
            8.972857475280762,
            237747.546875,
            5.0,
            18222344.0
        ],
        "data_max": [
            14625476.0,
            11.001428604125977,
            284506.5,
            38.0,
            19562626.0
        ],
        "scale": [
            1.1267237454148926e-07,
            0.49295783042907715,
            2.1386278604040854e-05,
            0.03030303120613098,
            7.461116524609679e-07
        ],
        "min": [
            -0.6478870511054993,
            -4.4232401847839355,
            -5.084535121917725,
            -0.1515151560306549,
            -13.595903396606445
        ]
    },
    "target": {
        "data_min": [
            197.0
        ],
        "data_max": [
            502.0
        ],
        "scale": [
            0.0032786885276436806
        ],
        "min": [
            -0.645901620388031
        ]
    }
}