{
    "features": {
        "data_min": [
            2437378.75,
            9.105713844299316,
            91298.0078125,
            4.0,
            18222344.0
        ],
        "data_max": [
            4601460.0,
            10.872857093811035,
            108932.8046875,
            29.0,
            19562626.0
        ],
        "scale": [
            4.6208987214413355e-07,
            0.565885066986084,
            5.670606697094627e-05,
            0.03999999910593033,
            7.461116524609679e-07
        ],
        "min": [
            -1.1262880563735962,
            -5.152787685394287,
            -5.177150726318359,
            -0.1599999964237213,
            -13.595903396606445
        ]
    },
    "target": {
        "data_min": [
            226.0
        ],
        "data_max": [
            395.0
        ],
        "scale": [
            0.005917159840464592
        ],
        "min": [
            -1.337278127670288
        ]
    }
}