{
    "features": {
        "data_min": [
            61872.9296875,
            9.134285926818848,
            2265.062744140625,
            6.0,
            18222344.0
        ],
        "data_max": [
            127964.9296875,
            10.979999542236328,
            2797.36279296875,
            35.0,
            19562626.0
        ],
        "scale": [
            1.513042388978647e-05,
            0.5417958498001099,
            0.0018786396831274033,
            0.03448275849223137,
            7.461116524609679e-07
        ],
        "min": [
            -0.9361636638641357,
            -4.948918342590332,
            -4.255236625671387,
            -0.20689654350280762,
            -13.595903396606445
        ]
    },
    "target": {
        "data_min": [
            222.0
        ],
        "data_max": [
            432.0
        ],
        "scale": [
            0.004761904943734407
        ],
        "min": [
            -1.0571428537368774
        ]
    }
}