{
    "features": {
        "data_min": [
            605309.8125,
            8.958571434020996,
            23283.462890625,
            4.0,
            18222344.0
        ],
        "data_max": [
            1157484.875,
            11.09428596496582,
            28351.716796875,
            26.0,
            19562626.0
        ],
        "scale": [
            1.8110198425347335e-06,
            0.468227356672287,
            0.00019730661006178707,
            0.04545454680919647,
            7.461116524609679e-07
        ],
        "min": [
            -1.0962281227111816,
            -4.194648265838623,
            -4.5939812660217285,
            -0.1818181872367859,
            -13.595903396606445
        ]
    },
    "target": {
        "data_min": [
            218.0
        ],
        "data_max": [
            376.0
        ],
        "scale": [
            0.006329114083200693
        ],
        "min": [
            -1.379746913909912
        ]
    }
}