{
    "features": {
        "data_min": [
            1823916.0,
            8.985713958740234,
            67076.3515625,
            4.0,
            18222344.0
        ],
        "data_max": [
            3420471.5,
            10.945713996887207,
            85026.375,
            27.0,
            19562626.0
        ],
        "scale": [
            6.263484237933881e-07,
            0.5102040767669678,
            5.571023211814463e-05,
            0.043478261679410934,
            7.461116524609679e-07
        ],
        "min": [
            -1.142406940460205,
            -4.584547996520996,
            -3.7368390560150146,
            -0.17391304671764374,
            -13.595903396606445
        ]
    },
    "target": {
        "data_min": [
            211.0
        ],
        "data_max": [
            385.0
        ],
        "scale": [
            0.005747126415371895
        ],
        "min": [
            -1.2126436233520508
        ]
    }
}