{
    "features": {
        "data_min": [
            1109351.5,
            6.964285850524902,
            44887.0390625,
            5.0,
            18222344.0
        ],
        "data_max": [
            2189181.25,
            10.992856979370117,
            55273.73046875,
            25.0,
            19562626.0
        ],
        "scale": [
            9.260718911718868e-07,
            0.24822697043418884,
            9.627705003367737e-05,
            0.05000000074505806,
            7.461116524609679e-07
        ],
        "min": [
            -1.027339220046997,
            -1.7287235260009766,
            -4.321591854095459,
            -0.25,
            -13.595903396606445
        ]
    },
    "target": {
        "data_min": [
            214.0
        ],
        "data_max": [
            392.0
        ],
        "scale": [
            0.00561797758564353
        ],
        "min": [
            -1.2022472620010376
        ]
    }
}