{
    "features": {
        "data_min": [
            522812.59375,
            7.538571357727051,
            22612.390625,
            5.0,
            18222344.0
        ],
        "data_max": [
            1155163.75,
            10.784285545349121,
            27830.197265625,
            25.0,
            19562626.0
        ],
        "scale": [
            1.5813999425517977e-06,
            0.30809861421585083,
            0.00019165141566190869,
            0.05000000074505806,
            7.461116524609679e-07
        ],
        "min": [
            -0.8267757892608643,
            -2.3226234912872314,
            -4.3336968421936035,
            -0.25,
            -13.595903396606445
        ]
    },
    "target": {
        "data_min": [
            202.0
        ],
        "data_max": [
            376.0
        ],
        "scale": [
            0.005747126415371895
        ],
        "min": [
            -1.1609195470809937
        ]
    }
}