{
    "features": {
        "data_min": [
            1170214.75,
            9.017143249511719,
            46255.1171875,
            5.0,
            18222344.0
        ],
        "data_max": [
            2235796.25,
            11.017143249511719,
            55705.64453125,
            27.0,
            19562626.0
        ],
        "scale": [
            9.384547183799441e-07,
            0.5,
            0.00010581420065136626,
            0.04545454680919647,
            7.461116524609679e-07
        ],
        "min": [
            -1.0981935262680054,
            -4.508571624755859,
            -4.894448280334473,
            -0.22727273404598236,
            -13.595903396606445
        ]
    },
    "target": {
        "data_min": [
            216.0
        ],
        "data_max": [
            378.0
        ],
        "scale": [
            0.006172839552164078
        ],
        "min": [
            -1.3333333730697632
        ]
    }
}