{
    "features": {
        "data_min": [
            191770.6875,
            8.972857475280762,
            7034.34423828125,
            6.0,
            18222344.0
        ],
        "data_max": [
            336474.625,
            11.122857093811035,
            8356.9560546875,
            26.0,
            19562626.0
        ],
        "scale": [
            6.910661795700435e-06,
            0.46511635184288025,
            0.0007560797384940088,
            0.05000000074505806,
            7.461116524609679e-07
        ],
        "min": [
            -1.3252623081207275,
            -4.173422813415527,
            -5.318525314331055,
            -0.30000001192092896,
            -13.595903396606445
        ]
    },
    "target": {
        "data_min": [
            218.0
        ],
        "data_max": [
            375.0
        ],
        "scale": [
            0.006369426846504211
        ],
        "min": [
            -1.3885350227355957
        ]
    }
}