{
    "features": {
        "data_min": [
            594062.1875,
            9.140000343322754,
            23065.587890625,
            4.0,
            18222344.0
        ],
        "data_max": [
            1058792.375,
            11.229999542236328,
            27462.56640625,
            35.0,
            19562626.0
        ],
        "scale": [
            2.1517862478503957e-06,
            0.4784690737724304,
            0.0002274288999615237,
            0.032258063554763794,
            7.461116524609679e-07
        ],
        "min": [
            -1.2782948017120361,
            -4.3732075691223145,
            -5.245781421661377,
            -0.12903225421905518,
            -13.595903396606445
        ]
    },
    "target": {
        "data_min": [
            224.0
        ],
        "data_max": [
            386.0
        ],
        "scale": [
            0.006172839552164078
        ],
        "min": [
            -1.3827160596847534
        ]
    }
}