{
    "features": {
        "data_min": [
            11355.7802734375,
            4.5714287757873535,
            11124.095703125,
            0.0,
            18222344.0
        ],
        "data_max": [
            58366.94921875,
            14.714285850524902,
            41237.30859375,
            3.0,
            19562626.0
        ],
        "scale": [
            2.1271540390443988e-05,
            0.09859155118465424,
            3.320801260997541e-05,
            0.3333333432674408,
            7.461116524609679e-07
        ],
        "min": [
            -0.24155494570732117,
            -0.4507042467594147,
            -0.36940911412239075,
            0.0,
            -13.595903396606445
        ]
    },
    "target": {
        "data_min": [
            7.0
        ],
        "data_max": [
            15.0
        ],
        "scale": [
            0.125
        ],
        "min": [
            -0.875
        ]
    }
}