{
    "features": {
        "data_min": [
            63382.62890625,
            8.861428260803223,
            2422.73291015625,
            6.0,
            18222344.0
        ],
        "data_max": [
            114559.34375,
            11.25,
            2871.320068359375,
            26.0,
            19562626.0
        ],
        "scale": [
            1.9540137145668268e-05,
            0.4186602234840393,
            0.0022292211651802063,
            0.05000000074505806,
            7.461116524609679e-07
        ],
        "min": [
            -1.238505244255066,
            -3.709927558898926,
            -5.4008073806762695,
            -0.30000001192092896,
            -13.595903396606445
        ]
    },
    "target": {
        "data_min": [
            216.0
        ],
        "data_max": [
            384.0
        ],
        "scale": [
            0.0059523810632526875
        ],
        "min": [
            -1.2857142686843872
        ]
    }
}