{
    "features": {
        "data_min": [
            3721361.25,
            8.804286003112793,
            137518.984375,
            5.0,
            18222344.0
        ],
        "data_max": [
            6604909.0,
            11.10428524017334,
            169745.40625,
            31.0,
            19562626.0
        ],
        "scale": [
            3.4679501936807355e-07,
            0.4347827434539795,
            3.103043854935095e-05,
            0.03846153989434242,
            7.461116524609679e-07
        ],
        "min": [
            -1.2905495166778564,
            -3.827951669692993,
            -4.267274379730225,
            -0.19230769574642181,
            -13.595903396606445
        ]
    },
    "target": {
        "data_min": [
            219.0
        ],
        "data_max": [
            388.0
        ],
        "scale": [
            0.005917159840464592
        ],
        "min": [
            -1.2958580255508423
        ]
    }
}