{
    "features": {
        "data_min": [
            2472534.25,
            7.991428375244141,
            91316.2734375,
            1.0,
            18222344.0
        ],
        "data_max": [
            5414070.0,
            11.284285545349121,
            109565.875,
            28.0,
            19562626.0
        ],
        "scale": [
            3.399584613816842e-07,
            0.3036876320838928,
            5.4795717005617917e-05,
            0.03703703731298447,
            7.461116524609679e-07
        ],
        "min": [
            -0.8405589461326599,
            -2.4268980026245117,
            -5.0037407875061035,
            -0.03703703731298447,
            -13.595903396606445
        ]
    },
    "target": {
        "data_min": [
            225.0
        ],
        "data_max": [
            450.0
        ],
        "scale": [
            0.004444444552063942
        ],
        "min": [
            -1.0
        ]
    }
}