{
    "features": {
        "data_min": [
            236318.984375,
            9.218571662902832,
            9046.548828125,
            5.0,
            18222344.0
        ],
        "data_max": [
            486266.96875,
            11.171428680419922,
            10784.42578125,
            26.0,
            19562626.0
        ],
        "scale": [
            4.000832632300444e-06,
            0.5120702385902405,
            0.0005754147423431277,
            0.0476190485060215,
            7.461116524609679e-07
        ],
        "min": [
            -0.9454727172851562,
            -4.720556259155273,
            -5.205517768859863,
            -0.2380952388048172,
            -13.595903396606445
        ]
    },
    "target": {
        "data_min": [
            216.0
        ],
        "data_max": [
            390.0
        ],
        "scale": [
            0.005747126415371895
        ],
        "min": [
            -1.2413792610168457
        ]
    }
}