{
    "features": {
        "data_min": [
            2334738.25,
            8.90571403503418,
            91384.3671875,
            5.0,
            18222344.0
        ],
        "data_max": [
            6122446.5,
            10.928571701049805,
            110590.7734375,
            33.0,
            19562626.0
        ],
        "scale": [
            2.640118736962904e-07,
            0.4943501651287079,
            5.206595960771665e-05,
            0.0357142873108387,
            7.461116524609679e-07
        ],
        "min": [
            -0.6163986325263977,
            -4.402541160583496,
            -4.758014678955078,
            -0.1785714328289032,
            -13.595903396606445
        ]
    },
    "target": {
        "data_min": [
            209.0
        ],
        "data_max": [
            508.0
        ],
        "scale": [
            0.0033444815780967474
        ],
        "min": [
            -0.6989966630935669
        ]
    }
}